{"rmse": 78156127.35647243, "mae": 6838.5171334975375, "r2": 0.48025182074701134}